yearsexperience,absencescore,failurescore,salary
1,0.24075493623455274,-0.9520911592763891,0.9782416184887601
0.24075493623455274,1,-0.21268671759674854,0.2269138898928065
-0.9520911592763891,-0.21268671759674854,1,-0.9138654519283359
0.9782416184887601,0.2269138898928065,-0.9138654519283359,1
