yearsexperience,absencescore,failurescore,lm.pred
5.5,3,1,84660.7175002525
6.6,6,2,110883.80143385954
7.7,5,3,141779.16617830977
8.8,7,4,169170.3203146276
9.9,1,5,205906.0360726319
10.1,4,6,222030.07480862812
11.1,2,7,252971.3936227213
12.1,1,8,282744.64223410375
13.1,4,9,307845.61003464286
